"slug","data","quando","status","titulo","local","tipo","membros","detalhe"
"2027-ipsa-roma","2027-07-01","2027","previsto","29º Congresso Mundial da IPSA","Roma, Itália","Organização de painéis e eventos","Eduardo Viola; Vinícius Rodrigues Vieira","Programação dos painéis do RC51 (Economia Política Internacional), em preparação desde junho de 2026."
"2026-ipsa-wip","2026-07-15","15–17 jul. 2026","","Work-in-Progress 2026 da IPSA","Online","Apresentação de trabalho","Lourdes Sola; Sérgio Vale; Paulo Flores","Working paper “Emerging Middle Classes and Political Discontent in Brazil: rethinking the economic and non-economic determinants of polarization”."
"2026-rc51-dublin","2026-07-01","jul. 2026","","Workshop do RC51: Geoeconomia e Desenvolvimento","University College Dublin, Irlanda","Organização de painéis e eventos","Vinícius Rodrigues Vieira","Coorganização, com apoio de Krishna Vadlamannati."
"2026-homenagem-moises","2026-04-22","22 abr. 2026","","Os Brasileiros e a Democracia: homenagem a José Álvaro Moisés","Biblioteca Brasiliana Guita e José Mindlin, USP","Mesa-redonda e palestra","Lourdes Sola; Maria Tereza Sadek",""
"2026-mpsa","2026-01-01","2026","","Annual Meeting da Midwest Political Science Association","Chicago, EUA","Apresentação de trabalho","Cristiane Lucena Carneiro","“Brazil in the Multilateral Trading System: Between Domestic Pressures and Global Shifts”, com Luiz Antonio Camilher."
"2025-making-sense","2025-12-15","15 dez. 2025","","Making sense of where we are","Faculdade de Direito da USP","Mesa-redonda e palestra","Lourdes Sola","Com Andrew Hurrell (Oxford University) e Celso Lafer."
"2025-congresso-posdocs-usp","2025-09-15","15–17 set. 2025","","II Congresso de Pós-Doutorandos da USP","Centro de Difusão Internacional da USP","Apresentação de trabalho","Larissa Basso","“The causal process of an international commitment…”."
"2025-anppas","2025-09-01","1–4 set. 2025","","XII Encontro Nacional da ANPPAS","USP, São Paulo","Apresentação de trabalho","Larissa Basso","“Uma moldura para medir o alinhamento com a descarbonização”."
"2025-isa-abri","2025-07-21","21–24 jul. 2025","","Conferência ISA/ABRI","USP, São Paulo","Mesa-redonda e palestra","Larissa Basso","Minicurso sobre política climática brasileira e coordenação da mesa “Quais as perspectivas para a COP30 diante dos desafios da agenda global?”."
"2025-ipsa-seul","2025-07-12","jul. 2025","","28º Congresso Mundial da IPSA","Seul, Coreia do Sul","Organização de painéis e eventos","Eduardo Viola; Vinícius Rodrigues Vieira; Moisés Marques","Coliderança do programa do RC51, com 28 painéis e mesas — o maior de Economia Política Internacional desde a criação do comitê, em 2012. Moisés Marques apresentou “Liberal reforms and democracy: revisiting the incremental institutional building of the financial order in Brazil” e participou de mesa-redonda com Vinícius Rodrigues Vieira e T. V. Paul."
"2025-apsa","2025-01-03","2025","","Annual Meeting da American Political Science Association","EUA","Mesa-redonda e palestra","Cristiane Lucena Carneiro","Mesa “Contestations of the Liberal Script in a Global Perspective”."
"2025-isa-diplomatic","2025-01-02","2025","","Annual Conference da Diplomatic Studies Section (ISA)","São Paulo","Apresentação de trabalho","Cristiane Lucena Carneiro","“Brazil in the Multilateral Trading System: Between Domestic Pressures and Global Shifts”, com Luiz Antonio Camilher."
"2025-ethos","2025-01-01","2025","","Conferência Ethos: Geopolítica em Transformação","São Paulo","Mesa-redonda e palestra","Cristiane Lucena Carneiro",""
"2025-idesf-aba","2025-04-10","10 abr. 2025","","Congresso Internacional IDESF / American Bar Association","","Mesa-redonda e palestra","Maria Tereza Sadek","“Combate à corrupção: desafios”."
"2025-isa-chicago","2025-03-02","2–5 mar. 2025","","66ª Convenção Anual da International Studies Association","Chicago, EUA","Apresentação de trabalho","Larissa Basso","“The climate commitment approach: a framework to analyze alignment with decarbonization in the Global South”."
"2025-qualidade-democracia","2025-02-13","13 fev. 2025","","O Estado do Judiciário e a Democracia no Brasil","Grupo Qualidade da Democracia, IEA-USP","Mesa-redonda e palestra","Maria Tereza Sadek",""
"2024-escola-fapesp","2024-12-08","8–12 dez. 2024","","Escola Interdisciplinar para Pós-Doutorandos FAPESP","FAPESP, São Paulo","Formação","Larissa Basso","Humanidades, Ciências Sociais e Artes."
"2024-redgob-oxford","2024-11-06","6–9 nov. 2024","","Annual Conference da RedGob","Oxford, Reino Unido","Apresentação de trabalho","Lourdes Sola; Sérgio Vale","“Statecrafting cooperation between fiscal and monetary institutions in Brazil”."
"2024-brasil-saiu-urnas","2024-10-16","16 out. 2024","","O Brasil que saiu das urnas","FESPSP, São Paulo","Organização de painéis e eventos","Moisés Marques","Coorganização com Aldo Fornazieri."
"2024-cnpg","2024-09-02","2–3 set. 2024","","I Encontro Nacional dos Procuradores-Gerais do Ministério Público","CNPG / CEBEPEJ","Mesa-redonda e palestra","Maria Tereza Sadek",""
"2024-supremocracia","2024-08-12","12 ago. 2024","","A Supremocracia Desafiada","Escola de Direito da FGV, São Paulo","Mesa-redonda e palestra","Maria Tereza Sadek","“Embate do CNJ com a magistratura”."
"2024-abcp","2024-08-01","1–8 ago. 2024","","14º Encontro da Associação Brasileira de Ciência Política","UFBA, Salvador","Apresentação de trabalho","Larissa Basso","“O que explica a meta brasileira de redução de emissões perante o regime internacional do clima em 2009?”."
"2024-oit-genebra","2024-06-12","12 jun. 2024","","Encontro Mundial do Setor Financeiro (OIT)","Genebra, Suíça","Mesa-redonda e palestra","Moisés Marques","Debatedor em “Mudanças no Sistema Financeiro Global e o papel da Regulação”."
"2024-fgv-ri","2024-05-14","14 mai. 2024","","Seminário de Pesquisa em Relações Internacionais da FGV","FGV, São Paulo","Apresentação de trabalho","Larissa Basso","“Política climática no governo Lula 3”."
"2024-rc51-lusiada","2024-05-01","mai. 2024","","Workshop do RC51 com o Comitê de Poder Político da IPSA","Universidade Lusíada, Portugal","Organização de painéis e eventos","Eduardo Viola; Vinícius Rodrigues Vieira","As apresentações deram origem ao volume “Political Power and Crisis” (Routledge, 2025), editado por Giulio Gallarotti."
"2024-ipsa-75-anos","2024-01-03","2024","","Conferência de 75 anos da IPSA: Democratization and Autocratization","","Mesa-redonda e palestra","Lourdes Sola","Mesa “Past-Presidents Roundtable: Reflections on Leadership” e paper “Reassessing Central Bank Doctrine and Practices as Paradigms Shift”, com Laurence Whitehead."
"2024-democracy-latin-america","2024-01-02","2024","","Democracy in Latin America: Regression or Resilience?","IEA-USP, com o grupo Qualidade da Democracia","Mesa-redonda e palestra","Lourdes Sola","“Resilience of Brazilian Democracy in comparative perspective”."
"2024-universidad-austral","2024-01-01","2024","","Diálogos de Gobernanza Global","Universidad Austral, Argentina","Mesa-redonda e palestra","Cristiane Lucena Carneiro","“Institutional Complexity and the Sustainable Development Goals”."
"2023-ipsa-buenos-aires","2023-07-11","11–16 jul. 2023","","27º Congresso Mundial da IPSA","Buenos Aires, Argentina","Organização de painéis e eventos","Vinícius Rodrigues Vieira; Lourdes Sola; Sérgio Vale; Cristiane Lucena Carneiro","Programa do RC51 com 13 painéis e mesas, coorganizado por Vinícius Rodrigues Vieira e Laurence Whitehead. Lourdes Sola integrou o Conselho Deliberativo e apresentou com Sérgio Vale “Reframing national ESG performance”; Cristiane Lucena apresentou “Brazil as an Emerging Market Democracy and the Multilateral Trading System”."
